Manuela,Amaral,27/10/1968,Aracaju,SE,Divorciado
Francisco,Cavalcante,04/07/1953,Cuiabá,MT,Casado
Lara,Dias,10/03/1973,Belém,PA,Solteiro
Ana,,31/08/1954,Fortaleza,CE,Casado
Aurora,Mello,04/05/1977,Teresina,PI,Solteiro
Marina,Medeiros,29/01/1960,Boa Vista,RR,Casado
Lorena,Duarte,02/07/1955,Natal,RN,Solteiro
Clarisse,Gonçalves,15/05/1977,Teresina,PI,Solteiro
Francisco,Rocha,13/12/1987,Florianópolis,SC,Solteiro
Isabelly,Freitas,04/03/1981,Boa Vista,RR,Solteiro
Guilherme,Vasconcelos,18/07/1983,Rio Branco,AC,Solteiro
Manuel,Morais,14/08/1989,Cuiabá,MT,Casado
Lavínia,Souza,06/05/1960,Brasília,DF,Solteiro
Diogo,Oliveira,17/04/1971,São Luiz,MA,Divorciado
Cloe,Andrade ,02/04/1969,Salvador,BA,Viúvo
Thiago,Gomes,23/01/1986,Recife,PE,Solteiro
Duarte,De Novais,28/02/1957,Recife,PE,Casado
Lavínia,Paris,15/09/1963,Água Clara,MS,Solteiro
Raul,Lacerda,10/07/1962,Teresina,PI,Solteiro
Guilherme,Lacerda,24/10/1959,Natal,RN,Solteiro
Agnes,Pilar,29/01/1969,Natal,RN,Casado
Carlos,Santana,02/08/1955,Macapá,AP,Divorciado
Enzo Gabriel,Dias,17/10/1985,Rio de Janeiro,RJ,Viúvo
Rafael,Menezes,25/11/1984,São Luiz,MA,Solteiro
Vicente,Sampaio,24/11/1994,Fortaleza,CE,Casado
Milene,Suarez,22/12/1956,Belém,PA,Viúvo
Bruno,Frias,07/08/1995,Vitória,ES,Casado
Octávio,Gabril,21/04/2001,Boa Vista,RR,Viúvo
Theo,Duarte,27/08/1967,Belo Horizonte,MG,Viúvo
Lucas,Garcia,18/03/1955,Manaus,AM,Solteiro
Mariana,Santos,12/06/1998,Brasília,DF,Solteiro
Caetano,Batista,26/10/1965,Natal,RN,Solteiro
Manuel,Xavier,20/08/1978,Belo Horizonte,MG,Divorciado
Dulce,Medeiros,13/10/1977,João Pessoa,PB,Solteiro
Juliana,,11/04/1975,Teresina,PI,Solteiro
Leonardo,Lima,02/08/1974,Belém,PA,Solteiro
Sarah,Queiroz,15/04/1986,Cornélio Procópio,PR,Solteiro
Rafael,Barcellos,06/12/1967,São Paulo,SP,Separado
Larissa,Queiroz,16/10/1951,Teresina,PI,Solteiro
Pedro,Ribeiro,19/09/1989,São Paulo,SP,Casado
Rafaela,Duarte,24/06/1982,João Pessoa,PB,Separado
Aquiles,Martinele,09/12/1972,Maceió,AL,Casado
Cauã,De Novais,23/02/1986,Cornélio Procópio,PR,Solteiro
David,Rodrigues,26/03/1955,Cuiabá,MT,Casado
Apólo,Camargo,12/04/1964,Belém,PA,Solteiro
Ágata,Santos,08/04/1951,Salvador,BA,Solteiro
Olívia,Duarte,09/04/1978,Água Clara,MS,Solteiro
Calebe,Xavier,05/10/1974,Recife,PE,Casado
Maísa,Mauricio,30/09/1972,São Paulo,SP,Separado
Douglas,Carvalho,10/11/1990,Fortaleza,CE,Casado
Lis,Oliveira,20/04/1974,Porto Alegre,RS,Casado
Zoe,Leão,10/10/1990,Salvador,BA,Viúvo
Samuel,Amaral,20/01/1955,Teresina,PI,Separado
Letícia,Araújo,26/03/1977,Boa Vista,RR,Solteiro
Ricardo,Mello,06/05/1988,Florianópolis,SC,Solteiro
Maísa,Dias,26/01/1996,Cornélio Procópio,PR,Casado
Eva,Santos,04/06/1993,Manaus,AM,Casado
Mariana,Junqueira,12/11/1950,Belém,PA,Solteiro
Maria Alice,Morais,05/08/1954,Rio Branco,AC,Casado
Antônio,Guimarães,16/10/1992,Vitória,ES,Viúvo
Eduardo,Amaral,26/09/1976,São Paulo,SP,Viúvo
Artur,Moreira,19/12/1983,Rio de Janeiro,RJ,Casado
Antônio,Paes,18/05/2000,Florianópolis,SC,Viúvo
Clara,Alencar,19/05/1968,João Pessoa,PB,Solteiro
Rebeca,Frias,23/03/1972,São Paulo,SP,Viúvo
Giovanna,Maia,24/12/2001,Curitiba,PR,Viúvo
Nicolas,Alencar,04/12/1984,Florianópolis,SC,Solteiro
Abraão,Alves,09/10/1977,Vitória,ES,Divorciado
Henrique,Paris,17/02/1954,São Paulo,SP,Solteiro
Frederico,Reis,22/11/1976,Água Clara,MS,Divorciado
Heitor,Gonçalves,02/09/1984,Aracaju,SE,Casado
Amanda,Chaves,03/01/1983,Água Clara,MS,Separado
Isadora,Lima,09/03/1989,Água Clara,MS,Solteiro
Camila,Marques,18/01/1955,Porto Alegre,RS,Solteiro
Danilo,Frota,05/04/1963,Salvador,BA,Separado
Enrico,Vasconcelos,21/03/1986,Rio de Janeiro,RJ,Solteiro
Anabela,Garcia,07/03/1958,Maceió,AL,Casado
Bernardo,Oliveira,24/05/1970,Cornélio Procópio,PR,Casado
Ana Beatriz,Fernandes,06/09/1966,São Paulo,SP,Solteiro
Lorenzo,Freitas,16/08/1954,Teresina,PI,Solteiro
Ângelo,Oliveira,26/03/1982,Teresina,PI,Casado
Matheus,Vieira,10/07/1956,Florianópolis,SC,Divorciado
Paolo,Guimarães,31/08/1981,São Luiz,MA,Viúvo
Débora,Amaral,14/08/1956,Rio de Janeiro,RJ,Solteiro
Philips,Oliveira,28/11/1963,Boa Vista,RR,Solteiro
Maria,Muniz,05/08/1983,Vitória,ES,Viúvo
Jade,Dias,07/11/2000,Rio Branco,AC,Viúvo
Dulce,Duarte,15/09/1995,Maceió,AL,Divorciado
Manuela,Medeiros,09/02/1979,Vitória,ES,Solteiro
Oliveira,Mello,25/03/1957,Boa Vista,RR,Solteiro
Lorenzo,Boaventura,23/05/1996,Curitiba,PR,Solteiro
Victor,Paes,20/04/1981,São Luiz,MA,Casado
Paloma,Cavalcante,03/09/1952,João Pessoa,PB,Separado
Ângelo,Pilar,08/07/1973,Cuiabá,MT,Viúvo
Bernardo,Paris,19/10/1973,Belo Horizonte,MG,Casado
Fernanda,De Oliveira,20/11/1965,Macapá,AP,Divorciado
Leonardo,Vitor,01/01/2000,Cornélio Procópio,PR,Solteiro
Vitória,Gonçalves,30/08/1955,Brasília,DF,Casado
Felipe,Duarte,25/09/1980,Boa Vista,RR,Divorciado
Hugo,Ribeiro,04/09/1971,Rio de Janeiro,RJ,Divorciado
Laura,Junqueira,30/05/1981,João Pessoa,PB,Casado
Daniel,Guimarães,26/07/2001,Florianópolis,SC,Divorciado
Clarisse,De Oliveira,12/06/2001,João Pessoa,PB,Casado
Muriel,Duarte,07/10/1954,Cornélio Procópio,PR,Viúvo
Mateus,Vieira,20/12/1964,Maceió,AL,Viúvo
Fabrício,Lacerda,21/06/1980,Rio de Janeiro,RJ,Viúvo
Leonardo,Mesquita,01/01/1984,Belo Horizonte,MG,Solteiro
Daniel,Maximus,25/10/1958,Manaus,AM,Solteiro
Isa,Marques,24/07/1978,Belo Horizonte,MG,Casado
Karen,Duarte,09/06/1960,Cuiabá,MT,Separado
André,Martinele,15/05/1955,João Pessoa,PB,Solteiro
Angelina,Moraes,28/06/1955,Manaus,AM,Solteiro
Maria Clara,Araújo,26/07/1953,Rio Branco,AC,Divorciado
Fabrício,Queiroz,17/12/1964,Belém,PA,Solteiro
Abraão,Boaventura,10/02/1968,Vitória,ES,Divorciado
Isis,Menezes,21/11/1984,Curitiba,PR,Casado
Sophia,Xavier,31/01/1975,Cuiabá,MT,Separado
João Lucas,Vasconcelos,25/03/1993,Salvador,BA,Divorciado
João Miguel,Carvalho,03/06/1962,Rio Branco,AC,Solteiro
Zoe,Guimarães,02/09/1971,Rio Branco,AC,Viúvo
Theo,Barreto,27/10/1962,Manaus,AM,Solteiro
Manuela,Cavalcante,25/05/1956,Belém,PA,Solteiro
Nicole,Santos,28/05/1958,Cuiabá,MT,Casado
Débora,Pilar,09/04/1998,Brasília,DF,Solteiro
Larissa,Neves,16/07/1985,João Pessoa,PB,Viúvo
Milene,Pilar,22/10/1987,Belo Horizonte,MG,Divorciado
Clara,Frota,24/12/1972,Cornélio Procópio,PR,Casado
Tiago,Bernardes,20/03/1962,Maceió,AL,Solteiro
Larissa,Paris,28/08/1951,Rio de Janeiro,RJ,Separado
Estela,Moraes,06/07/1984,Natal,RN,Separado
Lucas,Martins,04/12/1954,Maceió,AL,Solteiro
Belinda,Rocha,12/06/1952,São Paulo,SP,Divorciado
Ariela,Gabril,14/04/1955,Maceió,AL,Solteiro
Nicolas,Pinheiro,17/03/1973,São Paulo,SP,Solteiro
Paulo,Pereira,10/03/1968,Cuiabá,MT,Solteiro
Leandro,Campos,10/03/1968,Vitória,ES,Solteiro
Micaela,Paes,20/08/1981,Água Clara,MS,Solteiro
Fabrício,Menezzes,05/05/1977,Aracaju,SE,Solteiro
Enzo,Pinheiro,14/08/1985,São Luiz,MA,Casado
Maria,Figueira,22/07/1955,Rio de Janeiro,RJ,Solteiro
Muriel,Frota,19/10/2001,Cornélio Procópio,PR,Solteiro
Heitor,Leão,18/09/1978,Rio Branco,AC,Solteiro
Pietra,Moraes,31/08/1992,Maceió,AL,Casado
Caio,Maximus,22/05/2001,Água Clara,MS,Viúvo
Lourenço,Menezes,03/08/1968,Porto Alegre,RS,Solteiro
Caio,Gonçalves,15/06/1964,Teresina,PI,Divorciado
Sara,Cavalcante,25/02/1957,Salvador,BA,Solteiro
Laura,Maia,30/04/1976,Rio Branco,AC,Separado
Fabrício,Araújo,11/08/1980,Boa Vista,RR,Casado
Pablo,Mesquita,27/05/1985,Macapá,AP,Viúvo
Emanuelly,Alves,30/05/2002,Cornélio Procópio,PR,Solteiro
Larissa,Ferrari,13/06/2001,Boa Vista,RR,Solteiro
Davi,Figueira,06/10/1958,Curitiba,PR,Viúvo
Caetano,Reis,13/05/1975,Água Clara,MS,Casado
Catarina,Fernandes,01/03/1969,Brasília,DF,Casado
Manuel,Pilar,08/10/1984,Belo Horizonte,MG,Solteiro
Ana,Medeiros,06/07/1956,Água Clara,MS,Solteiro
Laís,Paes,09/10/1986,Natal,RN,Solteiro
Paulo,Albuquerque,12/11/1968,Salvador,BA,Divorciado
Michael,Albuquerque,28/01/1955,Natal,RN,Divorciado
Fabrício,Vitor,23/02/1975,Rio Branco,AC,Casado
Cauã,De Oliveira,12/12/1977,São Paulo,SP,Casado
Yasmin,Paiva,30/12/1968,Florianópolis,SC,Casado
Fábio,Barcellos,08/01/1966,Florianópolis,SC,Solteiro
Íris,Guimarães,27/02/1965,Belém,PA,Divorciado
Anita,Moraes,04/02/1962,Aracaju,SE,Separado
Artur,Freitas,29/02/1960,João Pessoa,PB,Separado
Luisa,Silva,03/09/1966,São Paulo,SP,Divorciado
Bianca,Novaes,13/11/1986,Vitória,ES,Casado
Theo,Soares,09/03/1997,Boa Vista,RR,Separado
Apólo,Gonçalves,24/03/1987,Maceió,AL,Solteiro
Francisco,Freitas,12/09/1956,Rio de Janeiro,RJ,Casado
Maria Clara,Dias,04/05/1988,São Luiz,MA,Solteiro
Natália,Oliveira,18/06/1993,Aracaju,SE,Viúvo
Pablo,Lessa,27/11/1953,Fortaleza,CE,Solteiro
Ana Clara,Guimarães,24/02/1984,Vitória,ES,Casado
Maria Luiza,Vasconcelos,01/02/1975,São Luiz,MA,Solteiro
Michael,Monteiro,11/10/1952,Belo Horizonte,MG,Divorciado
Joana,Paiva,11/08/1972,Rio de Janeiro,RJ,Solteiro
Thomas,Vieira,12/08/1978,Cuiabá,MT,Divorciado
Pietra,Menezzes,27/04/1954,Água Clara,MS,Solteiro
Theo,Muniz,04/01/1959,Salvador,BA,Separado
Maísa,Batista,28/10/1993,Água Clara,MS,Casado
Caio,Marques,25/02/1974,Cuiabá,MT,Solteiro
Joaquim,Santana,13/10/1979,Manaus,AM,Divorciado
Guilherme,Oliveira,29/08/1970,Belém,PA,Solteiro
Cloe,Silva,02/07/1951,Maceió,AL,Solteiro
Ana Júlia,Martins,01/04/1981,Fortaleza,CE,Casado
Sophia,Gonçalves,29/11/2001,Salvador,BA,Solteiro
Natália,Mello,31/03/1956,Macapá,AP,Solteiro
Zoe,Junqueira,25/09/1983,Brasília,DF,Casado
Olívia,Maia,26/07/1984,Fortaleza,CE,Viúvo
Fabrício,Oliveira,06/01/2001,Fortaleza,CE,Solteiro
Paolo,Pilar,10/08/1975,Salvador,BA,Viúvo
Paola,Lessa,08/09/1992,Macapá,AP,Casado
Cristiano,Paris,10/10/1967,Boa Vista,RR,Separado
Daniel,Garcia,14/09/1984,Macapá,AP,Separado
Pedro,Moraes,14/10/1991,Belo Horizonte,MG,Viúvo
Manuela,Andrade ,14/09/2002,São Luiz,MA,Divorciado
Clarisse,Vitor,15/10/1997,Aracaju,SE,Solteiro
Alana,Costa,08/06/2002,Salvador,BA,Solteiro
Hugo,Garcia,16/08/1955,Recife,PE,Divorciado
Francisco,Vitor,02/04/1956,Cuiabá,MT,Solteiro
Marina,Nogueira,30/10/1958,Cornélio Procópio,PR,Solteiro
Aline,Mauricio,07/09/1961,Belém,PA,Solteiro
Pedro Henrique,Maia,19/04/1960,Salvador,BA,Solteiro
Duarte,Pilar,30/12/1951,Rio de Janeiro,RJ,Casado
Ariela,Vieira,08/07/1970,Rio de Janeiro,RJ,Casado
Laila,Moraes,19/02/1951,Rio Branco,AC,Separado
Isabel,Garcia,30/12/1994,Maceió,AL,Separado
Gabriel,Martins,07/02/1971,Belém,PA,Solteiro
Davi Lucas,Freitas,05/02/1982,Porto Alegre,RS,Viúvo
Pablo,Guimarães,10/01/1973,Manaus,AM,Casado
Yara,Nogueira,24/06/1951,Cuiabá,MT,Solteiro
Micaela,Souza,05/12/1989,Belém,PA,Casado
Alice,Nogueira,09/02/1967,Água Clara,MS,Viúvo
Duarte,Marques,18/05/1964,Teresina,PI,Casado
Mateus,Moraes,04/11/1956,Cornélio Procópio,PR,Divorciado
Filipe,Lessa,29/01/1957,Vitória,ES,Solteiro
Pablo,Pinheiro,14/09/1987,Curitiba,PR,Solteiro
Rodrigo,Monteiro,07/08/1956,Água Clara,MS,Solteiro
Juliano,Moreira,18/05/1958,Manaus,AM,Divorciado
Isabel,Souza,02/10/1996,Macapá,AP,Solteiro
Ana,Santana,11/09/1986,Aracaju,SE,Solteiro
José,Lacerda,08/11/1959,São Luiz,MA,Solteiro
Lorenzo,Moraes,01/06/1986,Curitiba,PR,Viúvo
Pietra,Maximus,25/12/1985,Belo Horizonte,MG,Viúvo
Rebeca,Mauricio,26/06/1991,Belo Horizonte,MG,Viúvo
Júlia,Albuquerque,07/04/1996,Água Clara,MS,Divorciado
Mariana,Dias,09/04/1984,Boa Vista,RR,Casado
Paola,Lessa,28/11/1993,Porto Alegre,RS,Casado
Alessandra,Vasconcelos,30/12/1951,Recife,PE,Solteiro
Paola,Campos,05/09/1957,Boa Vista,RR,Casado
Fabrício,Vitor,04/01/1980,Rio de Janeiro,RJ,Divorciado
Ariela,Souza,10/06/2000,Água Clara,MS,Viúvo
Mateus,Reis,03/03/1984,Aracaju,SE,Solteiro
Bernardo,Medeiros,20/09/1978,Porto Alegre,RS,Solteiro
Vitória,De Oliveira,01/06/1985,João Pessoa,PB,Solteiro
Lourenço,Amaral,08/06/1968,Macapá,AP,Solteiro
Leandro,Moraes,28/11/1984,Boa Vista,RR,Divorciado
Paolo,Barreto,13/05/1966,Teresina,PI,Solteiro
Lis,Novaes,21/02/1953,Macapá,AP,Solteiro
Caetano,Freitas,17/07/1954,Cuiabá,MT,Solteiro
Luis,Martinez,26/10/1977,Belém,PA,Solteiro
João Vitor,Paes,31/07/1982,São Luiz,MA,Casado
Pablo,Nogueira,07/03/1952,Recife,PE,Casado
Débora,Junqueira,25/05/1955,Teresina,PI,Divorciado
Agnes,Menezzes,05/03/1990,João Pessoa,PB,Solteiro
Sabrina,Martins,17/05/1970,Curitiba,PR,Solteiro
Manuela,Bernardes,13/06/1987,Macapá,AP,Casado
Isadora,Paes,19/05/1982,Cornélio Procópio,PR,Casado
Clara,Barcellos,05/02/1968,Boa Vista,RR,Casado
Cauã,Ferrari,03/09/1962,Brasília,DF,Divorciado
Melinda,Campos,21/09/1963,Curitiba,PR,Divorciado
Mariana,De Novais,05/07/1987,Manaus,AM,Solteiro
Fábio,Muniz,28/02/1993,Porto Alegre,RS,Separado
Davi Lucca,Santos,04/11/1981,Boa Vista,RR,Solteiro
Francisco,Ferrari,21/12/1978,João Pessoa,PB,Solteiro
Clara,Freitas,25/09/1974,Rio Branco,AC,Separado
Clara,Martins,12/03/1962,Maceió,AL,Casado
Beatriz,Muniz,15/01/1979,Boa Vista,RR,Casado
Ezequiel,Oliveira,05/07/1972,Água Clara,MS,Solteiro
Lorena,,22/10/1966,Salvador,BA,Casado
Sophia,Ferrari,11/02/1968,Manaus,AM,Solteiro
Bianca,De Novais,26/11/1953,Boa Vista,RR,Divorciado
Pablo,Xavier,08/04/1995,Cornélio Procópio,PR,Solteiro
Lara,Pinheiro,20/11/1975,Aracaju,SE,Solteiro
Vinicius,Moreira,20/09/1988,Brasília,DF,Solteiro
Laura,Monteiro,11/06/1975,Rio Branco,AC,Solteiro
Miguel,Martinele,29/09/1951,Recife,PE,Divorciado
Guilherme,Alencar,16/09/1993,Belo Horizonte,MG,Separado
Calebe,Santana,19/01/1977,João Pessoa,PB,Divorciado
Lorenzo,De Oliveira,20/05/1980,Cornélio Procópio,PR,Casado
João Vitor,Marques,15/05/1957,Belém,PA,Viúvo
Beatriz,Reis,29/05/1966,João Pessoa,PB,Divorciado
Lucas,Amaral,29/04/1967,Cuiabá,MT,Viúvo
João Vitor,Santos,01/09/1971,Cornélio Procópio,PR,Divorciado
Leticia,Soares,16/08/1972,Rio de Janeiro,RJ,Divorciado
Isabel,Vieira,01/02/1997,Porto Alegre,RS,Divorciado
Agnes,Andrade ,26/01/1981,Recife,PE,Solteiro
Karen,Alves,18/04/1993,Curitiba,PR,Casado
Rafael,Amaral,06/03/1964,Rio de Janeiro,RJ,Separado
Pedro,Frota,14/04/1982,Água Clara,MS,Casado
Camila,Lacerda,18/10/1998,Florianópolis,SC,Solteiro
Raquel,Oliveira,15/11/1986,São Luiz,MA,Solteiro
Helena,De Oliveira,15/12/1958,São Luiz,MA,Casado
Gustavo,Mesquita,30/12/1953,Recife,PE,Solteiro
Sophia,Frota,17/02/1964,Brasília,DF,Casado
Paloma,Soares,27/09/1965,Natal,RN,Solteiro
Isadora,Mesquita,25/04/1953,Maceió,AL,Viúvo
Isadora,Figueira,23/04/1969,São Paulo,SP,Divorciado
Ana,Guimarães,17/11/1987,Salvador,BA,Solteiro
Laila,Reis,28/03/1982,Curitiba,PR,Separado
Amanda,Frias,19/09/1973,Boa Vista,RR,Divorciado
Bianca,Lacerda,06/05/1967,Curitiba,PR,Solteiro
Paloma,Reis,25/01/1980,Cuiabá,MT,Divorciado
Eduardo,Menezzes,06/05/1989,Porto Alegre,RS,Casado
Davi Lucas,Silva,28/01/1955,Macapá,AP,Solteiro
Lívia,Vasconcelos,07/01/1985,Recife,PE,Casado
Renan,Camargo,21/05/1960,Teresina,PI,Viúvo
Bárbara,Mesquita,14/12/1976,Belém,PA,Separado
Enzo Gabriel,Medeiros,12/09/1958,Macapá,AP,Solteiro
Gustavo,Vasconcelos,15/05/1969,Cornélio Procópio,PR,Solteiro
Philips,Oliveira,20/04/1981,Natal,RN,Casado
João Vitor,Reis,10/08/1967,Natal,RN,Casado
Eduarda,Mauricio,03/11/1976,Vitória,ES,Casado
Tiago,Araújo,21/09/1973,São Paulo,SP,Divorciado
Rafael,Barcellos,02/11/1962,Recife,PE,Viúvo
Gustavo,Moraes,22/11/1975,Água Clara,MS,Divorciado
Anderson,Ribeiro,04/08/1952,Maceió,AL,Casado
André,Reis,31/10/1953,Boa Vista,RR,Solteiro
Maísa,Fernandes,16/11/1971,Brasília,DF,Solteiro
Clara,Barreto,15/11/1952,Fortaleza,CE,Solteiro
Yara,Dias,30/09/1970,Macapá,AP,Solteiro
Álvaro,Lessa,02/09/1966,Fortaleza,CE,Solteiro
Raquel,Frias,25/12/1962,Recife,PE,Divorciado
Agnes,Vieira,06/06/1981,Porto Alegre,RS,Casado
Laura,Amaral,03/11/1969,Cuiabá,MT,Casado
Benjamim,Lessa,29/11/1997,Macapá,AP,Casado
Eduardo,Moraes,03/03/1977,Curitiba,PR,Casado
Maria Clara,Guimarães,08/03/1972,Rio Branco,AC,Divorciado
Aarão,Guimarães,14/06/1993,Aracaju,SE,Solteiro
Bryan,Moraes,10/03/1957,Brasília,DF,Solteiro
Ana Júlia,Suarez,21/12/1989,Fortaleza,CE,Casado
Anabela,Moreira,08/09/1956,Belo Horizonte,MG,Solteiro
Eduardo,Lacerda,17/04/1976,Natal,RN,Separado
Laura,Morais,13/03/1964,Salvador,BA,Solteiro
Milene,Junqueira,24/04/1966,Macapá,AP,Solteiro
Renan,Santana,15/10/1983,Macapá,AP,Solteiro
Felipe,Suarez,01/09/1971,João Pessoa,PB,Casado
Isabelly,Santana,04/07/1980,Curitiba,PR,Separado
Ester,Medeiros,10/11/1994,Fortaleza,CE,Solteiro
Paulo,Martinez,09/10/1990,Brasília,DF,Solteiro
Beatriz,Paiva,13/05/1997,Fortaleza,CE,Solteiro
Lorena,Lima,27/07/1968,Florianópolis,SC,Casado
Melissa,Frota,05/03/1977,São Paulo,SP,Solteiro
Melissa,Souza,13/04/1959,João Pessoa,PB,Separado
Bruna,Ferrari,23/01/1996,Porto Alegre,RS,Casado
Enzo,Frota,17/08/1979,Fortaleza,CE,Casado
Rafaela,Galisteu,27/10/1958,Maceió,AL,Solteiro
Miguel,Lessa,17/06/1981,Vitória,ES,Casado
Alícia,Carvalho,27/02/1970,Manaus,AM,Viúvo
Paolo,Andrade ,16/11/1974,Água Clara,MS,Solteiro
Alan,Queiroz,22/10/1997,Água Clara,MS,Divorciado
Adriana,Nogueira,01/01/1964,João Pessoa,PB,Divorciado
Santos,Lacerda,01/11/1956,Rio Branco,AC,Solteiro
Theo,Martinele,02/04/1962,Fortaleza,CE,Solteiro
Wilian,Gonçalves,31/10/1983,Boa Vista,RR,Casado
Zoe,Silva,23/11/1960,Belém,PA,Solteiro
Alan,Mauricio,11/04/1991,Teresina,PI,Divorciado
Yuri,Frias,12/08/2002,Belo Horizonte,MG,Divorciado
Elisa,Ribeiro,24/04/1976,Porto Alegre,RS,Casado
Guilherme,Duarte,02/05/1968,Vitória,ES,Solteiro
Isabella,Oliveira,04/08/1967,Macapá,AP,Solteiro
João,Muniz,27/10/1958,Brasília,DF,Solteiro
Pedro,Marques,12/01/1973,São Luiz,MA,Solteiro
Davi,Neves,09/02/1970,Belém,PA,Divorciado
Leticia,Maximus,18/12/1954,Belém,PA,Separado
Isadora,Pereira,16/08/1980,Natal,RN,Divorciado
Lucas,Nogueira,07/08/1961,Belém,PA,Casado
Alan,Mesquita,10/09/1982,Brasília,DF,Solteiro
Guilherme,Paiva,13/06/1982,Belo Horizonte,MG,Solteiro
Paloma,Duarte,10/07/1994,Natal,RN,Solteiro
Rodrigo,Gomes,22/05/1963,Salvador,BA,Divorciado
Júlia,Mesquita,06/05/1959,Manaus,AM,Solteiro
Júlia,Oliveira,13/09/1972,Vitória,ES,Divorciado
Maísa,Martins,24/09/1980,Salvador,BA,Solteiro
Marcos,Costa,01/04/1961,Água Clara,MS,Solteiro
Rafael,Souza,22/12/1962,Cornélio Procópio,PR,Divorciado
Eduardo,De Oliveira,05/01/1974,Vitória,ES,Casado
Vinicius,Sampaio,20/08/1958,Brasília,DF,Casado
Mariana,Medeiros,14/04/1988,Teresina,PI,Solteiro
Carlos,Albuquerque,06/02/1961,Manaus,AM,Divorciado
Beatriz,Duarte,11/02/1966,Maceió,AL,Casado
Samuel,Vasconcelos,03/06/1967,Cuiabá,MT,Solteiro
Hugo,Lima,09/02/1966,Fortaleza,CE,Solteiro
Laila,Guimarães,11/11/1965,Curitiba,PR,Viúvo
Heloísa,Paes,21/12/1988,Belo Horizonte,MG,Solteiro
Melinda,Paiva,05/12/1962,Fortaleza,CE,Casado
Benjamin,Freitas,25/07/1976,São Luiz,MA,Divorciado
Henrique,Vasconcelos,18/08/1962,Cornélio Procópio,PR,Solteiro
Raul,Garcia,18/01/1999,João Pessoa,PB,Viúvo
Micaela,Duarte,19/01/1996,Rio de Janeiro,RJ,Solteiro
Theo,Paiva,24/08/1983,Cuiabá,MT,Solteiro
Davi Lucca,Pinheiro,26/09/1975,São Paulo,SP,Divorciado
Rafaela,Paris,29/07/1981,Água Clara,MS,Divorciado
Brenda,Gonçalves,06/07/1979,Água Clara,MS,Separado
Manuela,Martins,31/01/1992,Cuiabá,MT,Divorciado
Valentina,Duarte,24/02/2001,Salvador,BA,Solteiro
Renato,Marques,10/04/1972,Água Clara,MS,Divorciado
Davi Lucas,Araújo,06/12/1993,Maceió,AL,Casado
Fábio,Lacerda,17/11/1990,Porto Alegre,RS,Casado
Muriel,Maia,31/10/1962,Teresina,PI,Solteiro
Carolina,Lessa,15/02/1990,São Luiz,MA,Separado
Vinicius,Guimarães,25/03/1969,Maceió,AL,Divorciado
Alessandra,Chaves,26/05/1982,Boa Vista,RR,Casado
Emanuel,Gonçalves,27/06/1954,Boa Vista,RR,Viúvo
Clarisse,Pereira,18/06/1959,Belo Horizonte,MG,Solteiro
Emanuel,Lima,09/05/1989,Macapá,AP,Solteiro
Igor,Alves,07/09/1968,João Pessoa,PB,Casado
Alan,Vasconcelos,19/05/1981,Teresina,PI,Solteiro
Dulce,Camargo,08/11/1981,Manaus,AM,Solteiro
André,Silva,11/12/1994,São Paulo,SP,Casado
Ana Clara,Oliveira,02/12/1964,Aracaju,SE,Solteiro
Lucca,Gonçalves,19/09/1974,Florianópolis,SC,Solteiro
Theo,Santana,03/03/1989,Manaus,AM,Casado
Rafael,Mello,20/06/1962,Rio de Janeiro,RJ,Solteiro
Manuel,Garcia,10/09/1975,Salvador,BA,Solteiro
Iara,Alencar,02/02/1973,Vitória,ES,Separado
Thiago,Boaventura,25/02/1986,Recife,PE,Solteiro
Paola,Moreira,08/08/1953,Boa Vista,RR,Solteiro
Eduarda,Moraes,27/05/1986,João Pessoa,PB,Solteiro
Frederico,Reis,24/12/1998,Manaus,AM,Casado
Júlia,Maximus,11/05/1963,Aracaju,SE,Separado
Anderson,Gomes,14/11/1958,Teresina,PI,Solteiro
Fábio,Araújo,21/10/1982,Vitória,ES,Casado
Davi Lucas,Alencar,08/08/1961,Belém,PA,Divorciado
Alexandre,Moraes,17/06/1960,Belo Horizonte,MG,Solteiro
Guilherme,Lacerda,01/12/1981,Macapá,AP,Solteiro
Fabrício,Silva,21/07/1979,Vitória,ES,Solteiro
Rafael,Vasconcelos,01/07/1964,Curitiba,PR,Divorciado
Alice,Muniz,09/10/1981,São Luiz,MA,Solteiro
Fernanda,Frota,30/03/1984,Teresina,PI,Divorciado
Maria Fernanda,Maia,29/08/1996,Água Clara,MS,Solteiro
Muriel,Dias,06/08/1980,Natal,RN,Casado
Carlos,Araújo,04/07/1980,Manaus,AM,Viúvo
Nicole,Amaral,21/02/1985,Vitória,ES,Casado
Maria Clara,Costa,13/12/1982,Curitiba,PR,Solteiro
Isaac,Moraes,29/05/1966,João Pessoa,PB,Casado
César,Pilar,14/10/1965,Brasília,DF,Divorciado
Lis,Vieira,14/09/1954,Boa Vista,RR,Casado
Henrique,De Oliveira,02/06/2002,Macapá,AP,Casado
Benício,Paiva,05/12/2000,Fortaleza,CE,Viúvo
Anderson,Queiroz,06/01/1977,Maceió,AL,Divorciado
Bryan,Paris,08/09/1953,São Luiz,MA,Divorciado
Iara,Monteiro,13/05/1960,João Pessoa,PB,Divorciado
Rebeca,Carvalho,09/09/2002,Rio Branco,AC,Solteiro
Edgar,Gonçalves,28/09/1976,Boa Vista,RR,Solteiro
Melissa,Martins,28/09/1975,Água Clara,MS,Casado
Gabriela,Lessa,08/10/1999,Vitória,ES,Casado
Isaac,Cavalcante,11/02/2002,Belém,PA,Solteiro
Beatriz,Batista,13/11/1990,Brasília,DF,Solteiro
Enzo Gabriel,Barreto,02/08/1964,São Luiz,MA,Divorciado
Fábio,Soares,05/06/1952,Maceió,AL,Solteiro
Melissa,Neves,04/07/1972,Cuiabá,MT,Solteiro
Vicente,De Oliveira,23/12/1976,Fortaleza,CE,Casado
Analice,Frias,13/09/1969,São Luiz,MA,Casado
Carol,Frias,04/09/1964,São Paulo,SP,Viúvo
Antônio,Lessa,05/10/1958,Fortaleza,CE,Divorciado
Camila,Soares,03/09/1954,Vitória,ES,Casado
Eduarda,Gonçalves,01/02/1993,Porto Alegre,RS,Solteiro
Estela,Vasconcelos,31/05/1993,Belém,PA,Solteiro
Agnes,Leão,02/01/1986,Recife,PE,Divorciado
Benjamim,Mauricio,10/10/1982,Fortaleza,CE,Solteiro
Letícia,Maia,27/07/1964,São Paulo,SP,Casado
Filipe,Cavalcante,05/01/1959,Manaus,AM,Solteiro
Theo,Morais,30/05/2002,Cuiabá,MT,Solteiro
Martim,Galisteu,28/05/1986,Água Clara,MS,Solteiro
Nicolas,Gomes,23/05/1981,São Luiz,MA,Separado
Isadora,Camargo,04/10/1998,Manaus,AM,Solteiro
Pedro,Moraes,04/02/1973,Natal,RN,Solteiro
Caio,Junqueira,04/06/2002,Cornélio Procópio,PR,Casado
Santiago,Gomes,17/07/1959,Salvador,BA,Casado
Maria,Marques,06/03/1957,Natal,RN,Divorciado
Thiago,Vieira,13/11/1988,Brasília,DF,Viúvo
Alice,De Novais,03/10/1958,Rio Branco,AC,Solteiro
Nicole,Menezzes,19/04/1951,Manaus,AM,Divorciado
Rebeca,Guimarães,13/11/2001,Aracaju,SE,Solteiro
Isadora,Neves,10/10/1957,Recife,PE,Solteiro
Miguel,Araújo,20/06/1997,Rio de Janeiro,RJ,Viúvo
Afonso,Oliveira,16/02/1952,Salvador,BA,Viúvo
Melissa,Fernandes,27/08/1962,Recife,PE,Solteiro
Micaela,Rocha,24/09/1963,Fortaleza,CE,Solteiro
Kelvin,Rocha,06/08/1998,Natal,RN,Divorciado
Oliveira,Ferrari,04/01/1970,Brasília,DF,Solteiro
Ana,Vitor,08/01/1972,Florianópolis,SC,Separado
Aurora,Oliveira,01/07/1957,Vitória,ES,Solteiro
Fernando,Suarez,03/10/1954,Salvador,BA,Casado
Joaquim,Reis,16/07/1998,Água Clara,MS,Solteiro
Vitória,Paes,01/10/1975,Vitória,ES,Casado
Helena,Ribeiro,21/04/1970,Recife,PE,Solteiro
João Vitor,Gonçalves,13/05/1986,Vitória,ES,Casado
Lorenzo,Gabril,17/03/1970,Boa Vista,RR,Solteiro
Sara,Ferrari,02/03/1971,Vitória,ES,Solteiro
Gustavo,Mesquita,15/05/1962,Recife,PE,Solteiro
Artur,De Novais,01/11/1965,Vitória,ES,Solteiro
Luis,Pinheiro,04/06/1999,Curitiba,PR,Viúvo
Ângelo,Guimarães,07/01/1992,São Luiz,MA,Solteiro
Emanuel,Pinheiro,16/03/1952,Macapá,AP,Casado
Ingrid,Ribeiro,08/10/1996,Belo Horizonte,MG,Casado
Pablo,Marques,11/12/1951,Maceió,AL,Separado
João Lucas,Santana,29/03/1975,Vitória,ES,Casado
Isabel,Santana,08/03/1992,Curitiba,PR,Viúvo
Natália,Albuquerque,18/06/1978,Porto Alegre,RS,Casado
Melissa,Ferrari,23/09/1971,Cornélio Procópio,PR,Divorciado
Caetano,Mesquita,01/02/1951,Salvador,BA,Viúvo
Olívia,Barcellos,12/07/1995,Maceió,AL,Solteiro
Bernardo,Barreto,03/09/1954,Recife,PE,Solteiro
Levi,Dias,12/08/1960,Maceió,AL,Divorciado
Isabel,Campos,17/09/1962,Boa Vista,RR,Divorciado
Artur,Boaventura,24/04/1974,Porto Alegre,RS,Divorciado
Alana,Galisteu,09/06/1962,João Pessoa,PB,Solteiro
Laura,Amaral,05/05/1956,Curitiba,PR,Solteiro
Carlos,Paiva,05/04/1966,Cuiabá,MT,Separado
Fernanda,Santos,09/04/1997,São Paulo,SP,Divorciado
Clarissa,Batista,30/12/1956,Salvador,BA,Solteiro
Pietra,Santana,06/12/1985,Porto Alegre,RS,Solteiro
Zoe,Santana,22/04/1977,Belém,PA,Separado
Artur,Freitas,13/02/1951,Belém,PA,Solteiro
Aquiles,Barreto,16/06/1953,Teresina,PI,Divorciado
João Vitor,Chaves,26/09/1987,Brasília,DF,Casado
Zoe,Xavier,14/06/1980,Boa Vista,RR,Casado
Lucas,Galisteu,15/07/2002,Curitiba,PR,Solteiro
Heloísa,Vasconcelos,07/08/1973,Rio Branco,AC,Solteiro
Diogo,Marques,29/05/1976,Curitiba,PR,Solteiro
Luis,Amaral,21/06/1966,Porto Alegre,RS,Solteiro
Júlia,Gonçalves,09/09/1991,Teresina,PI,Casado
Adriana,Monteiro,08/04/1979,Florianópolis,SC,Solteiro
Gabriel,Albuquerque,24/01/1987,Manaus,AM,Viúvo
Danilo,Gonçalves,26/01/2001,Porto Alegre,RS,Solteiro
Oliveira,Camargo,27/01/1992,Cornélio Procópio,PR,Viúvo
Emanuelly,Xavier,29/12/1966,Vitória,ES,Casado
Ana Clara,Moreira,15/02/1964,Florianópolis,SC,Solteiro
Valentim,Gonçalves,08/05/1953,Macapá,AP,Separado
Bruna,Vasconcelos,12/05/2001,Cornélio Procópio,PR,Solteiro
Vinicius,Vieira,12/04/1955,Teresina,PI,Casado
João Lucas,Moraes,20/08/1974,São Paulo,SP,Divorciado
Mateus,Vieira,21/07/2000,Vitória,ES,Casado
Henrique,Amaral,16/02/1980,Maceió,AL,Casado
Marcos,Ferrari,04/10/1967,Rio Branco,AC,Divorciado
António,Andrade ,25/11/1969,Florianópolis,SC,Casado
Heitor,Vieira,08/02/1972,Macapá,AP,Solteiro
Leticia,Costa,06/07/1999,Fortaleza,CE,Casado
Emanuel,Mauricio,04/07/1964,São Luiz,MA,Solteiro
Pedro Henrique,Lima,18/05/1971,Curitiba,PR,Divorciado
Iara,Frias,12/10/1984,Florianópolis,SC,Solteiro
Davi Lucas,Neves,18/12/1991,Macapá,AP,Solteiro
Paloma,Freitas,26/01/1997,Recife,PE,Solteiro
Yara,Gonçalves,12/08/1985,Curitiba,PR,Divorciado
Isabelly,Mello,01/12/1958,João Pessoa,PB,Solteiro
Natália,Souza,06/05/1964,Macapá,AP,Solteiro
Levi,Mauricio,13/08/1978,Natal,RN,Viúvo
Luiza,Alencar,27/11/1977,Porto Alegre,RS,Solteiro
Alessandra,Freitas,10/03/1961,Aracaju,SE,Solteiro
Pedro Henrique,Dias,02/11/1953,Rio Branco,AC,Solteiro
Sabrina,Maia,24/04/1955,Curitiba,PR,Solteiro
César,Lacerda,22/06/1973,Brasília,DF,Solteiro
Bryan,Campos,14/10/1978,Cornélio Procópio,PR,Divorciado
Pietro,Alencar,26/08/1981,Rio de Janeiro,RJ,Solteiro
Alessandra,Batista,09/11/1969,Recife,PE,Solteiro
Raul,Vasconcelos,18/05/1964,Porto Alegre,RS,Solteiro
Melinda,Mesquita,27/08/1995,Maceió,AL,Divorciado
Tomás,Mello,06/12/1957,Rio de Janeiro,RJ,Casado
Yasmin,Frias,20/12/1966,Rio Branco,AC,Separado
Isadora,Sampaio,12/11/1987,Belo Horizonte,MG,Solteiro
Pablo,Barreto,22/10/1953,Curitiba,PR,Solteiro
Isadora,Rocha,07/11/1983,Boa Vista,RR,Casado
Melissa,Morais,06/05/1980,Florianópolis,SC,Viúvo
Luana,Oliveira,02/04/1988,Cornélio Procópio,PR,Casado
Benjamin,Martins,04/08/1958,Natal,RN,Casado
Maria,Santos,20/11/1972,Fortaleza,CE,Solteiro
Marina,,01/01/1964,Boa Vista,RR,Solteiro
Vinicius,Silva,30/08/1972,Florianópolis,SC,Casado
Larissa,Queiroz,10/12/1979,Macapá,AP,Viúvo
Alícia,Menezes,07/06/1990,Belo Horizonte,MG,Casado
Ricardo,Oliveira,25/04/1991,São Paulo,SP,Casado
Cecília,Frota,03/02/1993,Vitória,ES,Separado
Ingrid,Xavier,09/12/1965,Boa Vista,RR,Solteiro
Marina,Oliveira,03/04/1985,São Paulo,SP,Divorciado
Sophia,Santana,23/04/1969,Maceió,AL,Viúvo
Bruno,Pinheiro,05/03/1996,Água Clara,MS,Divorciado
Maria Alice,Lacerda,05/03/1980,Rio Branco,AC,Solteiro
Ana Clara,Mauricio,05/01/1964,Natal,RN,Casado
Danilo,De Oliveira,23/12/1963,Porto Alegre,RS,Solteiro
Leonardo,Frias,04/06/1964,Salvador,BA,Casado
Anabela,Lacerda,12/02/1954,Cuiabá,MT,Solteiro
Leticia,Gonçalves,28/09/1988,Maceió,AL,Casado
Alícia,Ribeiro,04/10/2000,Boa Vista,RR,Solteiro
Rafael,Martins,09/02/1954,Água Clara,MS,Solteiro
Lucas,Silva,11/04/1987,Natal,RN,Divorciado
Helena,Alves,23/07/1951,Maceió,AL,Casado
Felipe,Guimarães,22/08/1994,Rio de Janeiro,RJ,Solteiro
Lorenzo,Rocha,22/04/1965,Rio de Janeiro,RJ,Separado
Manuel,Araújo,29/12/1965,São Luiz,MA,Divorciado
João Pedro,Alencar,15/12/1996,Belo Horizonte,MG,Solteiro
Bryan,Gomes,12/11/1962,Boa Vista,RR,Solteiro
Lorena,Leão,05/11/1971,Rio Branco,AC,Solteiro
Paulo,Pereira,08/10/1960,Água Clara,MS,Casado
Vicente,Oliveira,07/04/1976,Belo Horizonte,MG,Divorciado
Francisco,Alves,01/10/1973,Recife,PE,Separado
Muriel,Martins,25/03/1959,Natal,RN,Viúvo
Muriel,Pilar,13/03/1973,Cuiabá,MT,Divorciado
Catarina,De Oliveira,26/11/1962,Teresina,PI,Solteiro
Valentim,Duarte,07/03/1963,Cornélio Procópio,PR,Solteiro
Benjamin,Barcellos,27/06/1991,João Pessoa,PB,Solteiro
Álvaro,Araújo,20/07/1979,João Pessoa,PB,Separado
Murilo,Campos,01/04/1964,Curitiba,PR,Solteiro
Cloe,Silva,06/09/1981,Florianópolis,SC,Separado
Luana,Suarez,26/08/1956,Recife,PE,Solteiro
Kevin,Carvalho,03/05/1960,Recife,PE,Solteiro